createdAt,id,loot,memberAddress,molochAddress,shares,network
1603602679,0x016e79e9101a8eaa3e7f46d6d1c267819c09c939-member-0x7414df7948e17c37e588e5ac8e43195cbb2af801-rage-11123603,0,0x7414df7948e17c37e588e5ac8e43195cbb2af801,0x016e79e9101a8eaa3e7f46d6d1c267819c09c939,69,mainnet
1586313531,0x0372f3696fa7dc99801f435fd6737e57818239f2-member-0x0115f5ce3f986a35b1edb6f2c3815cebb2461e70-rage-9828895,0,0x0115f5ce3f986a35b1edb6f2c3815cebb2461e70,0x0372f3696fa7dc99801f435fd6737e57818239f2,5,mainnet
1575895100,0x0372f3696fa7dc99801f435fd6737e57818239f2-member-0x0492b9170ec01d91f3aa721ff8ada42dd33fbbb8-rage-9077434,0,0x0492b9170ec01d91f3aa721ff8ada42dd33fbbb8,0x0372f3696fa7dc99801f435fd6737e57818239f2,5,mainnet
1586205132,0x0372f3696fa7dc99801f435fd6737e57818239f2-member-0x0492b9170ec01d91f3aa721ff8ada42dd33fbbb8-rage-9820656,0,0x0492b9170ec01d91f3aa721ff8ada42dd33fbbb8,0x0372f3696fa7dc99801f435fd6737e57818239f2,1,mainnet
1585853099,0x0372f3696fa7dc99801f435fd6737e57818239f2-member-0x0aba55c93cf7292f71067b0ba0d8b464592895ca-rage-9794233,0,0x0aba55c93cf7292f71067b0ba0d8b464592895ca,0x0372f3696fa7dc99801f435fd6737e57818239f2,50,mainnet
1600652301,0x0372f3696fa7dc99801f435fd6737e57818239f2-member-0x0bf4c238a25b66cd869331a692dfd0322708d7fb-rage-10902851,0,0x0bf4c238a25b66cd869331a692dfd0322708d7fb,0x0372f3696fa7dc99801f435fd6737e57818239f2,10,mainnet
1591738313,0x0372f3696fa7dc99801f435fd6737e57818239f2-member-0x0eabffd8ce94ab2387fc44ba32642af0c58af433-rage-10233981,0,0x0eabffd8ce94ab2387fc44ba32642af0c58af433,0x0372f3696fa7dc99801f435fd6737e57818239f2,21,mainnet
1581974407,0x0372f3696fa7dc99801f435fd6737e57818239f2-member-0x0efe994201e2b0136dd40d5033b5f437e4c5f958-rage-9503036,0,0x0efe994201e2b0136dd40d5033b5f437e4c5f958,0x0372f3696fa7dc99801f435fd6737e57818239f2,20,mainnet
1586970310,0x0372f3696fa7dc99801f435fd6737e57818239f2-member-0x15303ff0d49b2bcf48d076896093e745a8ae6658-rage-9878255,0,0x15303ff0d49b2bcf48d076896093e745a8ae6658,0x0372f3696fa7dc99801f435fd6737e57818239f2,102,mainnet
1585977078,0x0372f3696fa7dc99801f435fd6737e57818239f2-member-0x370ceca4fc1287ed99924bba76259f6c771a6022-rage-9803565,0,0x370ceca4fc1287ed99924bba76259f6c771a6022,0x0372f3696fa7dc99801f435fd6737e57818239f2,25,mainnet
1597096422,0x0372f3696fa7dc99801f435fd6737e57818239f2-member-0x57db4c6e862e4144ff48b67732d2ccb5af9de14c-rage-10634727,0,0x57db4c6e862e4144ff48b67732d2ccb5af9de14c,0x0372f3696fa7dc99801f435fd6737e57818239f2,9,mainnet
1588744038,0x0372f3696fa7dc99801f435fd6737e57818239f2-member-0x5b93ff82faaf241c15997ea3975419dddd8362c5-rage-10010894,0,0x5b93ff82faaf241c15997ea3975419dddd8362c5,0x0372f3696fa7dc99801f435fd6737e57818239f2,17,mainnet
1584666507,0x0372f3696fa7dc99801f435fd6737e57818239f2-member-0x5bb3e1774923b75ecb804e2559149bbd2a39a414-rage-9705516,0,0x5bb3e1774923b75ecb804e2559149bbd2a39a414,0x0372f3696fa7dc99801f435fd6737e57818239f2,1,mainnet
1584666693,0x0372f3696fa7dc99801f435fd6737e57818239f2-member-0x5bb3e1774923b75ecb804e2559149bbd2a39a414-rage-9705530,0,0x5bb3e1774923b75ecb804e2559149bbd2a39a414,0x0372f3696fa7dc99801f435fd6737e57818239f2,21,mainnet
1574095880,0x0372f3696fa7dc99801f435fd6737e57818239f2-member-0x632889068e25630f5c928681e8529ee255d8cd52-rage-8957571,0,0x632889068e25630f5c928681e8529ee255d8cd52,0x0372f3696fa7dc99801f435fd6737e57818239f2,24,mainnet
1591832500,0x0372f3696fa7dc99801f435fd6737e57818239f2-member-0x65e624de155fb5e42454947b87b04c535b8acde9-rage-10240953,0,0x65e624de155fb5e42454947b87b04c535b8acde9,0x0372f3696fa7dc99801f435fd6737e57818239f2,13,mainnet
1596755396,0x0372f3696fa7dc99801f435fd6737e57818239f2-member-0x65e624de155fb5e42454947b87b04c535b8acde9-rage-10609123,0,0x65e624de155fb5e42454947b87b04c535b8acde9,0x0372f3696fa7dc99801f435fd6737e57818239f2,17,mainnet
1569853518,0x0372f3696fa7dc99801f435fd6737e57818239f2-member-0x66268791b55e1f5fa585d990326519f101407257-rage-8650567,0,0x66268791b55e1f5fa585d990326519f101407257,0x0372f3696fa7dc99801f435fd6737e57818239f2,6,mainnet
1588699352,0x0372f3696fa7dc99801f435fd6737e57818239f2-member-0x66b1de0f14a0ce971f7f248415063d44caf19398-rage-10007507,0,0x66b1de0f14a0ce971f7f248415063d44caf19398,0x0372f3696fa7dc99801f435fd6737e57818239f2,50,mainnet
1594749583,0x0372f3696fa7dc99801f435fd6737e57818239f2-member-0x66b1de0f14a0ce971f7f248415063d44caf19398-rage-10459113,0,0x66b1de0f14a0ce971f7f248415063d44caf19398,0x0372f3696fa7dc99801f435fd6737e57818239f2,21,mainnet
1592436455,0x0372f3696fa7dc99801f435fd6737e57818239f2-member-0x6dc43be93a8b5fd37dc16f24872babc6da5e5e3e-rage-10286190,0,0x6dc43be93a8b5fd37dc16f24872babc6da5e5e3e,0x0372f3696fa7dc99801f435fd6737e57818239f2,50,mainnet
1593143230,0x0372f3696fa7dc99801f435fd6737e57818239f2-member-0x6dc43be93a8b5fd37dc16f24872babc6da5e5e3e-rage-10339062,0,0x6dc43be93a8b5fd37dc16f24872babc6da5e5e3e,0x0372f3696fa7dc99801f435fd6737e57818239f2,200,mainnet
1594027635,0x0372f3696fa7dc99801f435fd6737e57818239f2-member-0x6dc43be93a8b5fd37dc16f24872babc6da5e5e3e-rage-10405061,0,0x6dc43be93a8b5fd37dc16f24872babc6da5e5e3e,0x0372f3696fa7dc99801f435fd6737e57818239f2,200,mainnet
1584987778,0x0372f3696fa7dc99801f435fd6737e57818239f2-member-0x6dc43be93a8b5fd37dc16f24872babc6da5e5e3e-rage-9729265,0,0x6dc43be93a8b5fd37dc16f24872babc6da5e5e3e,0x0372f3696fa7dc99801f435fd6737e57818239f2,15,mainnet
1571894312,0x0372f3696fa7dc99801f435fd6737e57818239f2-member-0x7a446c7fda67e5e8705ad90f2da52fc018280731-rage-8801086,0,0x7a446c7fda67e5e8705ad90f2da52fc018280731,0x0372f3696fa7dc99801f435fd6737e57818239f2,24,mainnet
1584272635,0x0372f3696fa7dc99801f435fd6737e57818239f2-member-0x7a446c7fda67e5e8705ad90f2da52fc018280731-rage-9675887,0,0x7a446c7fda67e5e8705ad90f2da52fc018280731,0x0372f3696fa7dc99801f435fd6737e57818239f2,14,mainnet
1587963634,0x0372f3696fa7dc99801f435fd6737e57818239f2-member-0x7f4c4b0f51c17e72248b2bcef176e7649c187e7b-rage-9952511,0,0x7f4c4b0f51c17e72248b2bcef176e7649c187e7b,0x0372f3696fa7dc99801f435fd6737e57818239f2,69,mainnet
1579016247,0x0372f3696fa7dc99801f435fd6737e57818239f2-member-0x818ff73a5d881c27a945be944973156c01141232-rage-9280009,0,0x818ff73a5d881c27a945be944973156c01141232,0x0372f3696fa7dc99801f435fd6737e57818239f2,6,mainnet
1588149961,0x0372f3696fa7dc99801f435fd6737e57818239f2-member-0x818ff73a5d881c27a945be944973156c01141232-rage-9966428,0,0x818ff73a5d881c27a945be944973156c01141232,0x0372f3696fa7dc99801f435fd6737e57818239f2,7,mainnet
1594199941,0x0372f3696fa7dc99801f435fd6737e57818239f2-member-0x82a8439ba037f88bc73c4ccf55292e158a67f125-rage-10418058,0,0x82a8439ba037f88bc73c4ccf55292e158a67f125,0x0372f3696fa7dc99801f435fd6737e57818239f2,5,mainnet
1577485378,0x0372f3696fa7dc99801f435fd6737e57818239f2-member-0x82a8439ba037f88bc73c4ccf55292e158a67f125-rage-9172804,0,0x82a8439ba037f88bc73c4ccf55292e158a67f125,0x0372f3696fa7dc99801f435fd6737e57818239f2,5,mainnet
1577485499,0x0372f3696fa7dc99801f435fd6737e57818239f2-member-0x82a8439ba037f88bc73c4ccf55292e158a67f125-rage-9172819,0,0x82a8439ba037f88bc73c4ccf55292e158a67f125,0x0372f3696fa7dc99801f435fd6737e57818239f2,40,mainnet
1593570578,0x0372f3696fa7dc99801f435fd6737e57818239f2-member-0x865c2f85c9fea1c6ac7f53de07554d68cb92ed88-rage-10370933,0,0x865c2f85c9fea1c6ac7f53de07554d68cb92ed88,0x0372f3696fa7dc99801f435fd6737e57818239f2,5,mainnet
1594433494,0x0372f3696fa7dc99801f435fd6737e57818239f2-member-0x865c2f85c9fea1c6ac7f53de07554d68cb92ed88-rage-10435408,0,0x865c2f85c9fea1c6ac7f53de07554d68cb92ed88,0x0372f3696fa7dc99801f435fd6737e57818239f2,20,mainnet
1594434471,0x0372f3696fa7dc99801f435fd6737e57818239f2-member-0x865c2f85c9fea1c6ac7f53de07554d68cb92ed88-rage-10435493,0,0x865c2f85c9fea1c6ac7f53de07554d68cb92ed88,0x0372f3696fa7dc99801f435fd6737e57818239f2,5,mainnet
1595972351,0x0372f3696fa7dc99801f435fd6737e57818239f2-member-0x865c2f85c9fea1c6ac7f53de07554d68cb92ed88-rage-10550482,0,0x865c2f85c9fea1c6ac7f53de07554d68cb92ed88,0x0372f3696fa7dc99801f435fd6737e57818239f2,28,mainnet
1597433453,0x0372f3696fa7dc99801f435fd6737e57818239f2-member-0x865c2f85c9fea1c6ac7f53de07554d68cb92ed88-rage-10660054,0,0x865c2f85c9fea1c6ac7f53de07554d68cb92ed88,0x0372f3696fa7dc99801f435fd6737e57818239f2,6,mainnet
1578251854,0x0372f3696fa7dc99801f435fd6737e57818239f2-member-0x865c2f85c9fea1c6ac7f53de07554d68cb92ed88-rage-9222241,0,0x865c2f85c9fea1c6ac7f53de07554d68cb92ed88,0x0372f3696fa7dc99801f435fd6737e57818239f2,1,mainnet
1578676860,0x0372f3696fa7dc99801f435fd6737e57818239f2-member-0x865c2f85c9fea1c6ac7f53de07554d68cb92ed88-rage-9254381,0,0x865c2f85c9fea1c6ac7f53de07554d68cb92ed88,0x0372f3696fa7dc99801f435fd6737e57818239f2,49,mainnet
1580268059,0x0372f3696fa7dc99801f435fd6737e57818239f2-member-0x882651817bc443fabc95c7cc9124367082470d66-rage-9374572,0,0x882651817bc443fabc95c7cc9124367082470d66,0x0372f3696fa7dc99801f435fd6737e57818239f2,1,mainnet
1580268139,0x0372f3696fa7dc99801f435fd6737e57818239f2-member-0x882651817bc443fabc95c7cc9124367082470d66-rage-9374578,0,0x882651817bc443fabc95c7cc9124367082470d66,0x0372f3696fa7dc99801f435fd6737e57818239f2,8,mainnet
1583180114,0x0372f3696fa7dc99801f435fd6737e57818239f2-member-0x882651817bc443fabc95c7cc9124367082470d66-rage-9593782,0,0x882651817bc443fabc95c7cc9124367082470d66,0x0372f3696fa7dc99801f435fd6737e57818239f2,1,mainnet
1589201596,0x0372f3696fa7dc99801f435fd6737e57818239f2-member-0x8b3765eda5207fb21690874b722ae276b96260e0-rage-10045038,0,0x8b3765eda5207fb21690874b722ae276b96260e0,0x0372f3696fa7dc99801f435fd6737e57818239f2,17,mainnet
1579854113,0x0372f3696fa7dc99801f435fd6737e57818239f2-member-0x8b3765eda5207fb21690874b722ae276b96260e0-rage-9343396,0,0x8b3765eda5207fb21690874b722ae276b96260e0,0x0372f3696fa7dc99801f435fd6737e57818239f2,22,mainnet
1583244037,0x0372f3696fa7dc99801f435fd6737e57818239f2-member-0x8b3765eda5207fb21690874b722ae276b96260e0-rage-9598607,0,0x8b3765eda5207fb21690874b722ae276b96260e0,0x0372f3696fa7dc99801f435fd6737e57818239f2,13,mainnet
1588613075,0x0372f3696fa7dc99801f435fd6737e57818239f2-member-0x91c9bc455aadb2d6419be6b42ae08e1dc2b406bb-rage-10001064,0,0x91c9bc455aadb2d6419be6b42ae08e1dc2b406bb,0x0372f3696fa7dc99801f435fd6737e57818239f2,1,mainnet
1573761775,0x0372f3696fa7dc99801f435fd6737e57818239f2-member-0x91c9bc455aadb2d6419be6b42ae08e1dc2b406bb-rage-8934326,0,0x91c9bc455aadb2d6419be6b42ae08e1dc2b406bb,0x0372f3696fa7dc99801f435fd6737e57818239f2,9,mainnet
1597902084,0x0372f3696fa7dc99801f435fd6737e57818239f2-member-0x9cc8b5311b2f4c4b2167cc26e55ac7d29738f7f8-rage-10695211,0,0x9cc8b5311b2f4c4b2167cc26e55ac7d29738f7f8,0x0372f3696fa7dc99801f435fd6737e57818239f2,4,mainnet
1599943607,0x0372f3696fa7dc99801f435fd6737e57818239f2-member-0x9cc8b5311b2f4c4b2167cc26e55ac7d29738f7f8-rage-10849388,0,0x9cc8b5311b2f4c4b2167cc26e55ac7d29738f7f8,0x0372f3696fa7dc99801f435fd6737e57818239f2,1000000000,mainnet
1571311434,0x0372f3696fa7dc99801f435fd6737e57818239f2-member-0xa153b8891e77f1ae037026514c927530d877fab8-rage-8758265,0,0xa153b8891e77f1ae037026514c927530d877fab8,0x0372f3696fa7dc99801f435fd6737e57818239f2,9,mainnet
1590056605,0x0372f3696fa7dc99801f435fd6737e57818239f2-member-0xb53b0255895c4f9e3a185e484e5b674bccfbc076-rage-10108685,0,0xb53b0255895c4f9e3a185e484e5b674bccfbc076,0x0372f3696fa7dc99801f435fd6737e57818239f2,25,mainnet
1594642393,0x0372f3696fa7dc99801f435fd6737e57818239f2-member-0xb53b0255895c4f9e3a185e484e5b674bccfbc076-rage-10451142,0,0xb53b0255895c4f9e3a185e484e5b674bccfbc076,0x0372f3696fa7dc99801f435fd6737e57818239f2,11,mainnet
1596829326,0x0372f3696fa7dc99801f435fd6737e57818239f2-member-0xb64943f4f26d837ceeac96cae86d1bab23a3414d-rage-10614665,0,0xb64943f4f26d837ceeac96cae86d1bab23a3414d,0x0372f3696fa7dc99801f435fd6737e57818239f2,10,mainnet
1575413096,0x0372f3696fa7dc99801f435fd6737e57818239f2-member-0xb98ec0012fba5de02ab506782862a63a7945ee9c-rage-9046123,0,0xb98ec0012fba5de02ab506782862a63a7945ee9c,0x0372f3696fa7dc99801f435fd6737e57818239f2,35,mainnet
1585951708,0x0372f3696fa7dc99801f435fd6737e57818239f2-member-0xb98ec0012fba5de02ab506782862a63a7945ee9c-rage-9801680,0,0xb98ec0012fba5de02ab506782862a63a7945ee9c,0x0372f3696fa7dc99801f435fd6737e57818239f2,15,mainnet
1590372882,0x0372f3696fa7dc99801f435fd6737e57818239f2-member-0xba14ce92a3a46a56f52105941eb9af2d20ece605-rage-10132235,0,0xba14ce92a3a46a56f52105941eb9af2d20ece605,0x0372f3696fa7dc99801f435fd6737e57818239f2,5,mainnet
1591581852,0x0372f3696fa7dc99801f435fd6737e57818239f2-member-0xba14ce92a3a46a56f52105941eb9af2d20ece605-rage-10222310,0,0xba14ce92a3a46a56f52105941eb9af2d20ece605,0x0372f3696fa7dc99801f435fd6737e57818239f2,4,mainnet
1586887785,0x0372f3696fa7dc99801f435fd6737e57818239f2-member-0xba14ce92a3a46a56f52105941eb9af2d20ece605-rage-9872111,0,0xba14ce92a3a46a56f52105941eb9af2d20ece605,0x0372f3696fa7dc99801f435fd6737e57818239f2,25,mainnet
1587674873,0x0372f3696fa7dc99801f435fd6737e57818239f2-member-0xba14ce92a3a46a56f52105941eb9af2d20ece605-rage-9930940,0,0xba14ce92a3a46a56f52105941eb9af2d20ece605,0x0372f3696fa7dc99801f435fd6737e57818239f2,4,mainnet
1588483047,0x0372f3696fa7dc99801f435fd6737e57818239f2-member-0xba14ce92a3a46a56f52105941eb9af2d20ece605-rage-9991254,0,0xba14ce92a3a46a56f52105941eb9af2d20ece605,0x0372f3696fa7dc99801f435fd6737e57818239f2,26,mainnet
1602648830,0x0372f3696fa7dc99801f435fd6737e57818239f2-member-0xbbbfc46566e5f0302cef913af8c8f423070ce6a1-rage-11051552,0,0xbbbfc46566e5f0302cef913af8c8f423070ce6a1,0x0372f3696fa7dc99801f435fd6737e57818239f2,1,mainnet
1580221857,0x0372f3696fa7dc99801f435fd6737e57818239f2-member-0xbbbfc46566e5f0302cef913af8c8f423070ce6a1-rage-9371085,0,0xbbbfc46566e5f0302cef913af8c8f423070ce6a1,0x0372f3696fa7dc99801f435fd6737e57818239f2,1,mainnet
1581684156,0x0372f3696fa7dc99801f435fd6737e57818239f2-member-0xbbbfc46566e5f0302cef913af8c8f423070ce6a1-rage-9481192,0,0xbbbfc46566e5f0302cef913af8c8f423070ce6a1,0x0372f3696fa7dc99801f435fd6737e57818239f2,1,mainnet
1581684268,0x0372f3696fa7dc99801f435fd6737e57818239f2-member-0xbbbfc46566e5f0302cef913af8c8f423070ce6a1-rage-9481198,0,0xbbbfc46566e5f0302cef913af8c8f423070ce6a1,0x0372f3696fa7dc99801f435fd6737e57818239f2,2,mainnet
1581911360,0x0372f3696fa7dc99801f435fd6737e57818239f2-member-0xbbbfc46566e5f0302cef913af8c8f423070ce6a1-rage-9498305,0,0xbbbfc46566e5f0302cef913af8c8f423070ce6a1,0x0372f3696fa7dc99801f435fd6737e57818239f2,1,mainnet
1583887434,0x0372f3696fa7dc99801f435fd6737e57818239f2-member-0xbbbfc46566e5f0302cef913af8c8f423070ce6a1-rage-9647069,0,0xbbbfc46566e5f0302cef913af8c8f423070ce6a1,0x0372f3696fa7dc99801f435fd6737e57818239f2,2,mainnet
1583989523,0x0372f3696fa7dc99801f435fd6737e57818239f2-member-0xbbbfc46566e5f0302cef913af8c8f423070ce6a1-rage-9654775,0,0xbbbfc46566e5f0302cef913af8c8f423070ce6a1,0x0372f3696fa7dc99801f435fd6737e57818239f2,5,mainnet
1584006003,0x0372f3696fa7dc99801f435fd6737e57818239f2-member-0xbbbfc46566e5f0302cef913af8c8f423070ce6a1-rage-9655985,0,0xbbbfc46566e5f0302cef913af8c8f423070ce6a1,0x0372f3696fa7dc99801f435fd6737e57818239f2,4,mainnet
1595100337,0x0372f3696fa7dc99801f435fd6737e57818239f2-member-0xc1a69f906ce4366c0c77e0219b3132fea0969231-rage-10485340,0,0xc1a69f906ce4366c0c77e0219b3132fea0969231,0x0372f3696fa7dc99801f435fd6737e57818239f2,30,mainnet
1589416326,0x0372f3696fa7dc99801f435fd6737e57818239f2-member-0xc7f459c7edcf9333d223bd1c346f46819403ca06-rage-10061063,0,0xc7f459c7edcf9333d223bd1c346f46819403ca06,0x0372f3696fa7dc99801f435fd6737e57818239f2,19,mainnet
1600152946,0x0372f3696fa7dc99801f435fd6737e57818239f2-member-0xc9283bbd79b016230838e57ce19e6aca12dd2c0d-rage-10865099,0,0xc9283bbd79b016230838e57ce19e6aca12dd2c0d,0x0372f3696fa7dc99801f435fd6737e57818239f2,5,mainnet
1585623274,0x0372f3696fa7dc99801f435fd6737e57818239f2-member-0xcd16cbda54af2556ebb6df4fbfd178e63c33fd89-rage-9776921,0,0xcd16cbda54af2556ebb6df4fbfd178e63c33fd89,0x0372f3696fa7dc99801f435fd6737e57818239f2,10,mainnet
1581119659,0x0372f3696fa7dc99801f435fd6737e57818239f2-member-0xd3e9d60e4e4de615124d5239219f32946d10151d-rage-9438725,0,0xd3e9d60e4e4de615124d5239219f32946d10151d,0x0372f3696fa7dc99801f435fd6737e57818239f2,20,mainnet
1586467930,0x0372f3696fa7dc99801f435fd6737e57818239f2-member-0xd3e9d60e4e4de615124d5239219f32946d10151d-rage-9840466,0,0xd3e9d60e4e4de615124d5239219f32946d10151d,0x0372f3696fa7dc99801f435fd6737e57818239f2,15,mainnet
1592796013,0x0372f3696fa7dc99801f435fd6737e57818239f2-member-0xe04243d4de64793420e613fa13f12efff42aca05-rage-10313141,0,0xe04243d4de64793420e613fa13f12efff42aca05,0x0372f3696fa7dc99801f435fd6737e57818239f2,10,mainnet
1588445799,0x0372f3696fa7dc99801f435fd6737e57818239f2-member-0xe16df3b67c0f85da576bd4080f08e8ecad2a17f2-rage-9988518,0,0xe16df3b67c0f85da576bd4080f08e8ecad2a17f2,0x0372f3696fa7dc99801f435fd6737e57818239f2,20,mainnet
1603213365,0x0372f3696fa7dc99801f435fd6737e57818239f2-member-0xf053adb5d6310219f84b5792db23a4fed3c25d57-rage-11094239,0,0xf053adb5d6310219f84b5792db23a4fed3c25d57,0x0372f3696fa7dc99801f435fd6737e57818239f2,10,mainnet
1565620669,0x0372f3696fa7dc99801f435fd6737e57818239f2-member-0xf6f4bbf25a1e596df0d77179dd65cf6f78cb7377-rage-8336281,0,0xf6f4bbf25a1e596df0d77179dd65cf6f78cb7377,0x0372f3696fa7dc99801f435fd6737e57818239f2,15,mainnet
1570044565,0x0372f3696fa7dc99801f435fd6737e57818239f2-member-0xf6f4bbf25a1e596df0d77179dd65cf6f78cb7377-rage-8664762,0,0xf6f4bbf25a1e596df0d77179dd65cf6f78cb7377,0x0372f3696fa7dc99801f435fd6737e57818239f2,28,mainnet
1602351926,0x0372f3696fa7dc99801f435fd6737e57818239f2-member-0xf7f189082878846c11a94ddac51c41afc7a7c772-rage-11029104,0,0xf7f189082878846c11a94ddac51c41afc7a7c772,0x0372f3696fa7dc99801f435fd6737e57818239f2,9,mainnet
1570552636,0x0372f3696fa7dc99801f435fd6737e57818239f2-member-0xfab3b4be0a78c586cdb999258ddd7dc799d433d2-rage-8702412,0,0xfab3b4be0a78c586cdb999258ddd7dc799d433d2,0x0372f3696fa7dc99801f435fd6737e57818239f2,8,mainnet
1567185478,0x0372f3696fa7dc99801f435fd6737e57818239f2-member-0xffd1ac3e8818adcbe5c597ea076e8d3210b45df5-rage-8452839,0,0xffd1ac3e8818adcbe5c597ea076e8d3210b45df5,0x0372f3696fa7dc99801f435fd6737e57818239f2,10,mainnet
1591203007,0x1b3d7efb93ec432b0d1d56880c23303979b379e9-member-0xb8ff821e6a8750c97d081c695dd568681be6ec34-rage-10193998,0,0xb8ff821e6a8750c97d081c695dd568681be6ec34,0x1b3d7efb93ec432b0d1d56880c23303979b379e9,10,mainnet
1591055198,0x1fd169a4f5c59acf79d0fd5d91d1201ef1bce9f1-member-0x0039f22efb07a647557c7c5d17854cfd6d489ef3-rage-10183021,0,0x0039f22efb07a647557c7c5d17854cfd6d489ef3,0x1fd169a4f5c59acf79d0fd5d91d1201ef1bce9f1,5,mainnet
1567417812,0x1fd169a4f5c59acf79d0fd5d91d1201ef1bce9f1-member-0x0039f22efb07a647557c7c5d17854cfd6d489ef3-rage-8470081,0,0x0039f22efb07a647557c7c5d17854cfd6d489ef3,0x1fd169a4f5c59acf79d0fd5d91d1201ef1bce9f1,220,mainnet
1596222481,0x1fd169a4f5c59acf79d0fd5d91d1201ef1bce9f1-member-0x02cb3c150bedca124d0ae8cccb72fefbe705c953-rage-10569140,0,0x02cb3c150bedca124d0ae8cccb72fefbe705c953,0x1fd169a4f5c59acf79d0fd5d91d1201ef1bce9f1,194,mainnet
1582137736,0x1fd169a4f5c59acf79d0fd5d91d1201ef1bce9f1-member-0x04576eb9aff2be4122d1ba870eea8db4573a97d9-rage-9515356,0,0x04576eb9aff2be4122d1ba870eea8db4573a97d9,0x1fd169a4f5c59acf79d0fd5d91d1201ef1bce9f1,40,mainnet
1569430729,0x1fd169a4f5c59acf79d0fd5d91d1201ef1bce9f1-member-0x0a7da1fe01846f96eb44c4c3952a0f5baec148b3-rage-8619281,0,0x0a7da1fe01846f96eb44c4c3952a0f5baec148b3,0x1fd169a4f5c59acf79d0fd5d91d1201ef1bce9f1,100,mainnet
1596225682,0x1fd169a4f5c59acf79d0fd5d91d1201ef1bce9f1-member-0x0b916095200313900104bacfc288462682c38700-rage-10569396,0,0x0b916095200313900104bacfc288462682c38700,0x1fd169a4f5c59acf79d0fd5d91d1201ef1bce9f1,21,mainnet
1570947693,0x1fd169a4f5c59acf79d0fd5d91d1201ef1bce9f1-member-0x1a57f99c4759f4e4e29140b1d7a89584e1c1ef67-rage-8731516,0,0x1a57f99c4759f4e4e29140b1d7a89584e1c1ef67,0x1fd169a4f5c59acf79d0fd5d91d1201ef1bce9f1,1,mainnet
1570947914,0x1fd169a4f5c59acf79d0fd5d91d1201ef1bce9f1-member-0x1a57f99c4759f4e4e29140b1d7a89584e1c1ef67-rage-8731533,0,0x1a57f99c4759f4e4e29140b1d7a89584e1c1ef67,0x1fd169a4f5c59acf79d0fd5d91d1201ef1bce9f1,12,mainnet
1570948123,0x1fd169a4f5c59acf79d0fd5d91d1201ef1bce9f1-member-0x1b037167c4b0584ca5ef6534648c38f496757fa5-rage-8731547,0,0x1b037167c4b0584ca5ef6534648c38f496757fa5,0x1fd169a4f5c59acf79d0fd5d91d1201ef1bce9f1,8,mainnet
1561234589,0x1fd169a4f5c59acf79d0fd5d91d1201ef1bce9f1-member-0x1fd1d8b92e17f64513a6da3b44ad3f00218454a9-rage-8009987,0,0x1fd1d8b92e17f64513a6da3b44ad3f00218454a9,0x1fd169a4f5c59acf79d0fd5d91d1201ef1bce9f1,25,mainnet
1581124853,0x1fd169a4f5c59acf79d0fd5d91d1201ef1bce9f1-member-0x2525f1a08a2d5f037dda969f2fa1b56e4b4b47f3-rage-9439110,0,0x2525f1a08a2d5f037dda969f2fa1b56e4b4b47f3,0x1fd169a4f5c59acf79d0fd5d91d1201ef1bce9f1,99,mainnet
1583713981,0x1fd169a4f5c59acf79d0fd5d91d1201ef1bce9f1-member-0x2586e4b30c581ee20af694495dbcf98daecde75e-rage-9634081,0,0x2586e4b30c581ee20af694495dbcf98daecde75e,0x1fd169a4f5c59acf79d0fd5d91d1201ef1bce9f1,500,mainnet
1588444630,0x1fd169a4f5c59acf79d0fd5d91d1201ef1bce9f1-member-0x2625f1c0bc50b2f663bea454ccb7398fe3e7a9ae-rage-9988439,0,0x2625f1c0bc50b2f663bea454ccb7398fe3e7a9ae,0x1fd169a4f5c59acf79d0fd5d91d1201ef1bce9f1,100,mainnet
1569423786,0x1fd169a4f5c59acf79d0fd5d91d1201ef1bce9f1-member-0x26885a15e186dc884a193c257ee6f15a90fd8d7a-rage-8618787,0,0x26885a15e186dc884a193c257ee6f15a90fd8d7a,0x1fd169a4f5c59acf79d0fd5d91d1201ef1bce9f1,100,mainnet
1567558608,0x1fd169a4f5c59acf79d0fd5d91d1201ef1bce9f1-member-0x2895730bd3725084c91a07f25786baac644851a2-rage-8480525,0,0x2895730bd3725084c91a07f25786baac644851a2,0x1fd169a4f5c59acf79d0fd5d91d1201ef1bce9f1,2,mainnet
1585158793,0x1fd169a4f5c59acf79d0fd5d91d1201ef1bce9f1-member-0x29983374cbb8253a114df5f38ec3f171f95bb8c7-rage-9741929,0,0x29983374cbb8253a114df5f38ec3f171f95bb8c7,0x1fd169a4f5c59acf79d0fd5d91d1201ef1bce9f1,311,mainnet
1572273490,0x1fd169a4f5c59acf79d0fd5d91d1201ef1bce9f1-member-0x37385081870ef47e055410fefd582e2a95d2960b-rage-8828419,0,0x37385081870ef47e055410fefd582e2a95d2960b,0x1fd169a4f5c59acf79d0fd5d91d1201ef1bce9f1,100,mainnet
1569423857,0x1fd169a4f5c59acf79d0fd5d91d1201ef1bce9f1-member-0x38d4d579f130b62b3cfa75871cf833f3ef2380f8-rage-8618792,0,0x38d4d579f130b62b3cfa75871cf833f3ef2380f8,0x1fd169a4f5c59acf79d0fd5d91d1201ef1bce9f1,100,mainnet
1579312906,0x1fd169a4f5c59acf79d0fd5d91d1201ef1bce9f1-member-0x3ec2cd742b0538c7eb68e4d9c943fc68519ca4d5-rage-9302466,0,0x3ec2cd742b0538c7eb68e4d9c943fc68519ca4d5,0x1fd169a4f5c59acf79d0fd5d91d1201ef1bce9f1,294,mainnet
1588266094,0x1fd169a4f5c59acf79d0fd5d91d1201ef1bce9f1-member-0x422b469a2fbf23b78d994cd20bf813662d1159f5-rage-9975157,0,0x422b469a2fbf23b78d994cd20bf813662d1159f5,0x1fd169a4f5c59acf79d0fd5d91d1201ef1bce9f1,100,mainnet
1575665902,0x1fd169a4f5c59acf79d0fd5d91d1201ef1bce9f1-member-0x44cad9af73c8175009f06fbde856efba453a40e0-rage-9062485,0,0x44cad9af73c8175009f06fbde856efba453a40e0,0x1fd169a4f5c59acf79d0fd5d91d1201ef1bce9f1,100,mainnet
1583764110,0x1fd169a4f5c59acf79d0fd5d91d1201ef1bce9f1-member-0x48f15f4873aba373cb544c50919cafa7384a2187-rage-9637790,0,0x48f15f4873aba373cb544c50919cafa7384a2187,0x1fd169a4f5c59acf79d0fd5d91d1201ef1bce9f1,100,mainnet
1592169126,0x1fd169a4f5c59acf79d0fd5d91d1201ef1bce9f1-member-0x4cdc4f412355f296c2cf261210cc9274404e442b-rage-10266214,0,0x4cdc4f412355f296c2cf261210cc9274404e442b,0x1fd169a4f5c59acf79d0fd5d91d1201ef1bce9f1,80,mainnet
1603427381,0x1fd169a4f5c59acf79d0fd5d91d1201ef1bce9f1-member-0x4d3caed8a1cf048c18280a8320608fc7d59c3ee3-rage-11110386,0,0x4d3caed8a1cf048c18280a8320608fc7d59c3ee3,0x1fd169a4f5c59acf79d0fd5d91d1201ef1bce9f1,8,mainnet
1569423802,0x1fd169a4f5c59acf79d0fd5d91d1201ef1bce9f1-member-0x5320ad1a8aa3304064e1c523eb7c41cc38cf1be5-rage-8618789,0,0x5320ad1a8aa3304064e1c523eb7c41cc38cf1be5,0x1fd169a4f5c59acf79d0fd5d91d1201ef1bce9f1,100,mainnet
1578993831,0x1fd169a4f5c59acf79d0fd5d91d1201ef1bce9f1-member-0x54bfb3a5e2e5999b9e2fd63def9750ca667adc5b-rage-9278322,0,0x54bfb3a5e2e5999b9e2fd63def9750ca667adc5b,0x1fd169a4f5c59acf79d0fd5d91d1201ef1bce9f1,39,mainnet
1588445665,0x1fd169a4f5c59acf79d0fd5d91d1201ef1bce9f1-member-0x59a5493513ba2378ed57ae5ecfb8a027e9d80365-rage-9988512,0,0x59a5493513ba2378ed57ae5ecfb8a027e9d80365,0x1fd169a4f5c59acf79d0fd5d91d1201ef1bce9f1,50,mainnet
1557593252,0x1fd169a4f5c59acf79d0fd5d91d1201ef1bce9f1-member-0x5a9e792143bf2708b4765c144451dca54f559a19-rage-7740384,0,0x5a9e792143bf2708b4765c144451dca54f559a19,0x1fd169a4f5c59acf79d0fd5d91d1201ef1bce9f1,1,mainnet
1579149181,0x1fd169a4f5c59acf79d0fd5d91d1201ef1bce9f1-member-0x5b93ff82faaf241c15997ea3975419dddd8362c5-rage-9290069,0,0x5b93ff82faaf241c15997ea3975419dddd8362c5,0x1fd169a4f5c59acf79d0fd5d91d1201ef1bce9f1,3,mainnet
1568126516,0x1fd169a4f5c59acf79d0fd5d91d1201ef1bce9f1-member-0x60623112855dfed72b48ed472e84d3b12aba0eef-rage-8522694,0,0x60623112855dfed72b48ed472e84d3b12aba0eef,0x1fd169a4f5c59acf79d0fd5d91d1201ef1bce9f1,116,mainnet
1569423847,0x1fd169a4f5c59acf79d0fd5d91d1201ef1bce9f1-member-0x62df6557e5fbafb4bcdce70b0e3222e7d73a89b6-rage-8618791,0,0x62df6557e5fbafb4bcdce70b0e3222e7d73a89b6,0x1fd169a4f5c59acf79d0fd5d91d1201ef1bce9f1,100,mainnet
1572025315,0x1fd169a4f5c59acf79d0fd5d91d1201ef1bce9f1-member-0x68085e7f88e90fa9247489c83fab30b177ebccb3-rage-8810514,0,0x68085e7f88e90fa9247489c83fab30b177ebccb3,0x1fd169a4f5c59acf79d0fd5d91d1201ef1bce9f1,16,mainnet
1595776060,0x1fd169a4f5c59acf79d0fd5d91d1201ef1bce9f1-member-0x75a10a9d761d77642466fde9abd10e29b2e310ee-rage-10535839,0,0x75a10a9d761d77642466fde9abd10e29b2e310ee,0x1fd169a4f5c59acf79d0fd5d91d1201ef1bce9f1,1,mainnet
1595777169,0x1fd169a4f5c59acf79d0fd5d91d1201ef1bce9f1-member-0x75a10a9d761d77642466fde9abd10e29b2e310ee-rage-10535914,0,0x75a10a9d761d77642466fde9abd10e29b2e310ee,0x1fd169a4f5c59acf79d0fd5d91d1201ef1bce9f1,16,mainnet
1593766636,0x1fd169a4f5c59acf79d0fd5d91d1201ef1bce9f1-member-0x7a09a4b3da2d3957929972ec739178a1834d85d5-rage-10385534,0,0x7a09a4b3da2d3957929972ec739178a1834d85d5,0x1fd169a4f5c59acf79d0fd5d91d1201ef1bce9f1,229,mainnet
1576403189,0x1fd169a4f5c59acf79d0fd5d91d1201ef1bce9f1-member-0x7a446c7fda67e5e8705ad90f2da52fc018280731-rage-9109833,0,0x7a446c7fda67e5e8705ad90f2da52fc018280731,0x1fd169a4f5c59acf79d0fd5d91d1201ef1bce9f1,20,mainnet
1590181219,0x1fd169a4f5c59acf79d0fd5d91d1201ef1bce9f1-member-0x7b3e509c78faee4c589d3d07ea0c8929aa2835e3-rage-10117924,0,0x7b3e509c78faee4c589d3d07ea0c8929aa2835e3,0x1fd169a4f5c59acf79d0fd5d91d1201ef1bce9f1,99,mainnet
1587964010,0x1fd169a4f5c59acf79d0fd5d91d1201ef1bce9f1-member-0x7f4c4b0f51c17e72248b2bcef176e7649c187e7b-rage-9952538,0,0x7f4c4b0f51c17e72248b2bcef176e7649c187e7b,0x1fd169a4f5c59acf79d0fd5d91d1201ef1bce9f1,100,mainnet
1578993166,0x1fd169a4f5c59acf79d0fd5d91d1201ef1bce9f1-member-0x818ff73a5d881c27a945be944973156c01141232-rage-9278285,0,0x818ff73a5d881c27a945be944973156c01141232,0x1fd169a4f5c59acf79d0fd5d91d1201ef1bce9f1,10,mainnet
1561615777,0x1fd169a4f5c59acf79d0fd5d91d1201ef1bce9f1-member-0x865595dbb0099ea9caedbdc35ad2498fd91caca5-rage-8038301,0,0x865595dbb0099ea9caedbdc35ad2498fd91caca5,0x1fd169a4f5c59acf79d0fd5d91d1201ef1bce9f1,29,mainnet
1567429883,0x1fd169a4f5c59acf79d0fd5d91d1201ef1bce9f1-member-0x865c2f85c9fea1c6ac7f53de07554d68cb92ed88-rage-8470951,0,0x865c2f85c9fea1c6ac7f53de07554d68cb92ed88,0x1fd169a4f5c59acf79d0fd5d91d1201ef1bce9f1,2,mainnet
1583516328,0x1fd169a4f5c59acf79d0fd5d91d1201ef1bce9f1-member-0x8b00191a7a3349ceffe90d2414fe0833fde0368e-rage-9619064,0,0x8b00191a7a3349ceffe90d2414fe0833fde0368e,0x1fd169a4f5c59acf79d0fd5d91d1201ef1bce9f1,20,mainnet
1585078613,0x1fd169a4f5c59acf79d0fd5d91d1201ef1bce9f1-member-0x8b00191a7a3349ceffe90d2414fe0833fde0368e-rage-9735991,0,0x8b00191a7a3349ceffe90d2414fe0833fde0368e,0x1fd169a4f5c59acf79d0fd5d91d1201ef1bce9f1,60,mainnet
1585677842,0x1fd169a4f5c59acf79d0fd5d91d1201ef1bce9f1-member-0x8b00191a7a3349ceffe90d2414fe0833fde0368e-rage-9781008,0,0x8b00191a7a3349ceffe90d2414fe0833fde0368e,0x1fd169a4f5c59acf79d0fd5d91d1201ef1bce9f1,19,mainnet
1564385744,0x1fd169a4f5c59acf79d0fd5d91d1201ef1bce9f1-member-0x91dbd5e72b1331447a40932bf16d140cf4638324-rage-8244230,0,0x91dbd5e72b1331447a40932bf16d140cf4638324,0x1fd169a4f5c59acf79d0fd5d91d1201ef1bce9f1,146,mainnet
1597868758,0x1fd169a4f5c59acf79d0fd5d91d1201ef1bce9f1-member-0x9ac9c636404c8d46d9eb966d7179983ba5a3941a-rage-10692692,0,0x9ac9c636404c8d46d9eb966d7179983ba5a3941a,0x1fd169a4f5c59acf79d0fd5d91d1201ef1bce9f1,17,mainnet
1582045630,0x1fd169a4f5c59acf79d0fd5d91d1201ef1bce9f1-member-0xac9ba72fb61aa7c31a95df0a8b6eba6f41ef875e-rage-9508358,0,0xac9ba72fb61aa7c31a95df0a8b6eba6f41ef875e,0x1fd169a4f5c59acf79d0fd5d91d1201ef1bce9f1,100,mainnet
1563653775,0x1fd169a4f5c59acf79d0fd5d91d1201ef1bce9f1-member-0xb5064a1ec1b2cb2292e24c8e398c3fc1efe43955-rage-8189672,0,0xb5064a1ec1b2cb2292e24c8e398c3fc1efe43955,0x1fd169a4f5c59acf79d0fd5d91d1201ef1bce9f1,8,mainnet
1591726032,0x1fd169a4f5c59acf79d0fd5d91d1201ef1bce9f1-member-0xbaf2d86e1224b5fc9121495fe2b55a273d6f2bae-rage-10233045,0,0xbaf2d86e1224b5fc9121495fe2b55a273d6f2bae,0x1fd169a4f5c59acf79d0fd5d91d1201ef1bce9f1,99,mainnet
1587987484,0x1fd169a4f5c59acf79d0fd5d91d1201ef1bce9f1-member-0xbc64bde4c3b70147c47c16dd9277a6aaef7e0f02-rage-9954320,0,0xbc64bde4c3b70147c47c16dd9277a6aaef7e0f02,0x1fd169a4f5c59acf79d0fd5d91d1201ef1bce9f1,250,mainnet
1567198154,0x1fd169a4f5c59acf79d0fd5d91d1201ef1bce9f1-member-0xbcede714283f348ebb3e5cbaf8a947cab3c8be8d-rage-8453798,0,0xbcede714283f348ebb3e5cbaf8a947cab3c8be8d,0x1fd169a4f5c59acf79d0fd5d91d1201ef1bce9f1,145,mainnet
1568632108,0x1fd169a4f5c59acf79d0fd5d91d1201ef1bce9f1-member-0xbd9f96663e07a83ff18915c9074d9dc04d8e64c9-rage-8560129,0,0xbd9f96663e07a83ff18915c9074d9dc04d8e64c9,0x1fd169a4f5c59acf79d0fd5d91d1201ef1bce9f1,158,mainnet
1569423879,0x1fd169a4f5c59acf79d0fd5d91d1201ef1bce9f1-member-0xbf42b21338236126d83618cf51570c2ae8ca6d6d-rage-8618793,0,0xbf42b21338236126d83618cf51570c2ae8ca6d6d,0x1fd169a4f5c59acf79d0fd5d91d1201ef1bce9f1,100,mainnet
1557674380,0x1fd169a4f5c59acf79d0fd5d91d1201ef1bce9f1-member-0xc82a6220398714f74e2d929309f4c5b1d4f7b0f6-rage-7746408,0,0xc82a6220398714f74e2d929309f4c5b1d4f7b0f6,0x1fd169a4f5c59acf79d0fd5d91d1201ef1bce9f1,102,mainnet
1598183907,0x1fd169a4f5c59acf79d0fd5d91d1201ef1bce9f1-member-0xcc04c8eff1c7049f948c12dd5286a56114228657-rage-10716418,0,0xcc04c8eff1c7049f948c12dd5286a56114228657,0x1fd169a4f5c59acf79d0fd5d91d1201ef1bce9f1,99,mainnet
1590763591,0x1fd169a4f5c59acf79d0fd5d91d1201ef1bce9f1-member-0xcd16cbda54af2556ebb6df4fbfd178e63c33fd89-rage-10161294,0,0xcd16cbda54af2556ebb6df4fbfd178e63c33fd89,0x1fd169a4f5c59acf79d0fd5d91d1201ef1bce9f1,99,mainnet
1584122959,0x1fd169a4f5c59acf79d0fd5d91d1201ef1bce9f1-member-0xd03f3e6c1b7272aa1f2336c1856a74d759fd0a6a-rage-9664643,0,0xd03f3e6c1b7272aa1f2336c1856a74d759fd0a6a,0x1fd169a4f5c59acf79d0fd5d91d1201ef1bce9f1,279,mainnet
1565381184,0x1fd169a4f5c59acf79d0fd5d91d1201ef1bce9f1-member-0xd26a3f686d43f2a62ba9eae2ff77e9f516d945b9-rage-8318417,0,0xd26a3f686d43f2a62ba9eae2ff77e9f516d945b9,0x1fd169a4f5c59acf79d0fd5d91d1201ef1bce9f1,5,mainnet
1579193862,0x1fd169a4f5c59acf79d0fd5d91d1201ef1bce9f1-member-0xd26a3f686d43f2a62ba9eae2ff77e9f516d945b9-rage-9293421,0,0xd26a3f686d43f2a62ba9eae2ff77e9f516d945b9,0x1fd169a4f5c59acf79d0fd5d91d1201ef1bce9f1,140,mainnet
1580007810,0x1fd169a4f5c59acf79d0fd5d91d1201ef1bce9f1-member-0xd714dd60e22bbb1cbafd0e40de5cfa7bbdd3f3c8-rage-9354926,0,0xd714dd60e22bbb1cbafd0e40de5cfa7bbdd3f3c8,0x1fd169a4f5c59acf79d0fd5d91d1201ef1bce9f1,27,mainnet
1588364756,0x1fd169a4f5c59acf79d0fd5d91d1201ef1bce9f1-member-0xdcf220450fa8dfaef1246a805142b9aa284d412e-rage-9982456,0,0xdcf220450fa8dfaef1246a805142b9aa284d412e,0x1fd169a4f5c59acf79d0fd5d91d1201ef1bce9f1,1,mainnet
1588364868,0x1fd169a4f5c59acf79d0fd5d91d1201ef1bce9f1-member-0xdcf220450fa8dfaef1246a805142b9aa284d412e-rage-9982471,0,0xdcf220450fa8dfaef1246a805142b9aa284d412e,0x1fd169a4f5c59acf79d0fd5d91d1201ef1bce9f1,98,mainnet
1580754191,0x1fd169a4f5c59acf79d0fd5d91d1201ef1bce9f1-member-0xdd4c48c0b24039969fc16d1cdf626eab821d3384-rage-9411187,0,0xdd4c48c0b24039969fc16d1cdf626eab821d3384,0x1fd169a4f5c59acf79d0fd5d91d1201ef1bce9f1,75,mainnet
1568730168,0x1fd169a4f5c59acf79d0fd5d91d1201ef1bce9f1-member-0xeb38597267b8b6f9cdfcf6466ad9384e95271efc-rage-8567445,0,0xeb38597267b8b6f9cdfcf6466ad9384e95271efc,0x1fd169a4f5c59acf79d0fd5d91d1201ef1bce9f1,17,mainnet
1594036419,0x1fd169a4f5c59acf79d0fd5d91d1201ef1bce9f1-member-0xebac3108c58bd4dd48a8110b7750480cea7bc3fb-rage-10405774,0,0xebac3108c58bd4dd48a8110b7750480cea7bc3fb,0x1fd169a4f5c59acf79d0fd5d91d1201ef1bce9f1,8,mainnet
1580751065,0x1fd169a4f5c59acf79d0fd5d91d1201ef1bce9f1-member-0xecd11858a4bcc35a51084ebe672beace01142fca-rage-9410955,0,0xecd11858a4bcc35a51084ebe672beace01142fca,0x1fd169a4f5c59acf79d0fd5d91d1201ef1bce9f1,99,mainnet
1569774840,0x1fd169a4f5c59acf79d0fd5d91d1201ef1bce9f1-member-0xf754eee52ae08568201c56f51ba985638edae1c4-rage-8644771,0,0xf754eee52ae08568201c56f51ba985638edae1c4,0x1fd169a4f5c59acf79d0fd5d91d1201ef1bce9f1,99,mainnet
1580362336,0x1fd169a4f5c59acf79d0fd5d91d1201ef1bce9f1-member-0xfa90ef7c88f6de7c837b52cf4cf94af660515a80-rage-9381661,0,0xfa90ef7c88f6de7c837b52cf4cf94af660515a80,0x1fd169a4f5c59acf79d0fd5d91d1201ef1bce9f1,37,mainnet
1593657670,0x1fd169a4f5c59acf79d0fd5d91d1201ef1bce9f1-member-0xfcc41c4614bd464ba28ad96f93aadaa7ba6c8680-rage-10377380,0,0xfcc41c4614bd464ba28ad96f93aadaa7ba6c8680,0x1fd169a4f5c59acf79d0fd5d91d1201ef1bce9f1,34,mainnet
1597175645,0x1fd169a4f5c59acf79d0fd5d91d1201ef1bce9f1-member-0xfcc41c4614bd464ba28ad96f93aadaa7ba6c8680-rage-10640659,0,0xfcc41c4614bd464ba28ad96f93aadaa7ba6c8680,0x1fd169a4f5c59acf79d0fd5d91d1201ef1bce9f1,35,mainnet
1579756457,0x1fd169a4f5c59acf79d0fd5d91d1201ef1bce9f1-member-0xff5f549ca771e86f3fe5e67d4f528c829add0ad3-rage-9335941,0,0xff5f549ca771e86f3fe5e67d4f528c829add0ad3,0x1fd169a4f5c59acf79d0fd5d91d1201ef1bce9f1,99,mainnet
1565992300,0x1fd169a4f5c59acf79d0fd5d91d1201ef1bce9f1-member-0xff7040a65dd36b9da95b05ef8e1eeea222f6c5fe-rage-8364022,0,0xff7040a65dd36b9da95b05ef8e1eeea222f6c5fe,0x1fd169a4f5c59acf79d0fd5d91d1201ef1bce9f1,15,mainnet
1599234590,0x4570b4faf71e23942b8b9f934b47ccedf7540162-member-0x294efa57cb8c5b0299980d8f1ee5f373bd44a66d-rage-10795782,0,0x294efa57cb8c5b0299980d8f1ee5f373bd44a66d,0x4570b4faf71e23942b8b9f934b47ccedf7540162,450,mainnet
1588036451,0x4570b4faf71e23942b8b9f934b47ccedf7540162-member-0x865c2f85c9fea1c6ac7f53de07554d68cb92ed88-rage-9957963,0,0x865c2f85c9fea1c6ac7f53de07554d68cb92ed88,0x4570b4faf71e23942b8b9f934b47ccedf7540162,1534,mainnet
1598046148,0x4570b4faf71e23942b8b9f934b47ccedf7540162-member-0xee2874287aa8ef0a9401a6166ad081e391abbbb9-rage-10706060,0,0xee2874287aa8ef0a9401a6166ad081e391abbbb9,0x4570b4faf71e23942b8b9f934b47ccedf7540162,1000,mainnet
1580069921,0x48c2f0a379f8cc93b1be3775964e242adebfd8dc-member-0x41c3fa96942d19043450ec963eb4df44336d8035-rage-9359611,0,0x41c3fa96942d19043450ec963eb4df44336d8035,0x48c2f0a379f8cc93b1be3775964e242adebfd8dc,10,mainnet
1590651007,0x513838f426c3ace6c4930ae74617d2c5c584b648-member-0x5ed4ad9266b259dd0201cac0e8bc98f93d354f74-rage-10152881,0,0x5ed4ad9266b259dd0201cac0e8bc98f93d354f74,0x513838f426c3ace6c4930ae74617d2c5c584b648,1,mainnet
1583529328,0x56e0840c1b86886a743cc8fb696bc9d45f867bfc-member-0x5a2c31ca6bcb4e594e4a5555399ecba82ba797f9-rage-9620062,0,0x5a2c31ca6bcb4e594e4a5555399ecba82ba797f9,0x56e0840c1b86886a743cc8fb696bc9d45f867bfc,999990,mainnet
1583436274,0x6680c3fd10d6449bb0a7617d7bbdc122dd417788-member-0x50984bae99f19f86eb730450c2fae3f047be8161-rage-9613063,0,0x50984bae99f19f86eb730450c2fae3f047be8161,0x6680c3fd10d6449bb0a7617d7bbdc122dd417788,10,mainnet
1583437809,0x6680c3fd10d6449bb0a7617d7bbdc122dd417788-member-0x865c2f85c9fea1c6ac7f53de07554d68cb92ed88-rage-9613172,0,0x865c2f85c9fea1c6ac7f53de07554d68cb92ed88,0x6680c3fd10d6449bb0a7617d7bbdc122dd417788,1,mainnet
1585446108,0x67b67c5b7384d6c1cdad1ed988b49183f4c59740-member-0x67168517c1d0835147e2bd66e40a602e9fb9cbd9-rage-9763548,0,0x67168517c1d0835147e2bd66e40a602e9fb9cbd9,0x67b67c5b7384d6c1cdad1ed988b49183f4c59740,101,mainnet
1591330019,0x67b67c5b7384d6c1cdad1ed988b49183f4c59740-member-0x7625b563f1cc26780be4d89903cb2ff48acdda28-rage-10203490,0,0x7625b563f1cc26780be4d89903cb2ff48acdda28,0x67b67c5b7384d6c1cdad1ed988b49183f4c59740,99,mainnet
1597361061,0x6c9b4f1bdddd7704a26a5caf5242e88501dc5f0b-member-0x98d539ae90481e921fd9fb826500f2af06337555-rage-10654599,0,0x98d539ae90481e921fd9fb826500f2af06337555,0x6c9b4f1bdddd7704a26a5caf5242e88501dc5f0b,1,mainnet
1600310297,0x6c9b4f1bdddd7704a26a5caf5242e88501dc5f0b-member-0xbb268b5778bf54ab715ee3c79d1da065574b38b1-rage-10876995,0,0xbb268b5778bf54ab715ee3c79d1da065574b38b1,0x6c9b4f1bdddd7704a26a5caf5242e88501dc5f0b,1,mainnet
1601578642,0x6c9b4f1bdddd7704a26a5caf5242e88501dc5f0b-member-0xd3e9d60e4e4de615124d5239219f32946d10151d-rage-10971934,0,0xd3e9d60e4e4de615124d5239219f32946d10151d,0x6c9b4f1bdddd7704a26a5caf5242e88501dc5f0b,1,mainnet
1580228039,0x96c8c63352d416378040a31ab8a231dd8104da58-member-0xd3e9d60e4e4de615124d5239219f32946d10151d-rage-9371524,0,0xd3e9d60e4e4de615124d5239219f32946d10151d,0x96c8c63352d416378040a31ab8a231dd8104da58,13,mainnet
1594807459,0xa8fc468da0417f71393523393bd7d57450143a62-member-0x010afb8548a5d1a3a3d62f58ca0a5a1329974206-rage-10463468,0,0x010afb8548a5d1a3a3d62f58ca0a5a1329974206,0xa8fc468da0417f71393523393bd7d57450143a62,10,mainnet
1599473893,0xa9ade79ab198a579772dd5e310ea28643e4a4421-member-0x010afb8548a5d1a3a3d62f58ca0a5a1329974206-rage-10813906,0,0x010afb8548a5d1a3a3d62f58ca0a5a1329974206,0xa9ade79ab198a579772dd5e310ea28643e4a4421,10,mainnet
1599299437,0xa9ade79ab198a579772dd5e310ea28643e4a4421-member-0x1b1ed39a036760443cff92b71b83cbe93be8770d-rage-10800677,0,0x1b1ed39a036760443cff92b71b83cbe93be8770d,0xa9ade79ab198a579772dd5e310ea28643e4a4421,6,mainnet
1597977791,0xa9ade79ab198a579772dd5e310ea28643e4a4421-member-0x1c5eb68630ccd90c3152fb9dee3a1c2a7201631d-rage-10700965,0,0x1c5eb68630ccd90c3152fb9dee3a1c2a7201631d,0xa9ade79ab198a579772dd5e310ea28643e4a4421,5,mainnet
1599480411,0xa9ade79ab198a579772dd5e310ea28643e4a4421-member-0x1edac88fdb328fe7cf2a1c4b3410634c7ab247d1-rage-10814419,0,0x1edac88fdb328fe7cf2a1c4b3410634c7ab247d1,0xa9ade79ab198a579772dd5e310ea28643e4a4421,50,mainnet
1599332555,0xa9ade79ab198a579772dd5e310ea28643e4a4421-member-0x512e07a093aaa20ba288392eadf03838c7a4e522-rage-10803213,0,0x512e07a093aaa20ba288392eadf03838c7a4e522,0xa9ade79ab198a579772dd5e310ea28643e4a4421,10,mainnet
1599490728,0xa9ade79ab198a579772dd5e310ea28643e4a4421-member-0x5adb8209b5276a23426994298fe9900644f57924-rage-10815232,0,0x5adb8209b5276a23426994298fe9900644f57924,0xa9ade79ab198a579772dd5e310ea28643e4a4421,1,mainnet
1587507726,0xa9ade79ab198a579772dd5e310ea28643e4a4421-member-0x5d0b243a5501effa8aea9e00885d9878cb4fc9c6-rage-9918481,0,0x5d0b243a5501effa8aea9e00885d9878cb4fc9c6,0xa9ade79ab198a579772dd5e310ea28643e4a4421,4,mainnet
1587997335,0xa9ade79ab198a579772dd5e310ea28643e4a4421-member-0x5d0b243a5501effa8aea9e00885d9878cb4fc9c6-rage-9955024,0,0x5d0b243a5501effa8aea9e00885d9878cb4fc9c6,0xa9ade79ab198a579772dd5e310ea28643e4a4421,1,mainnet
1596611461,0xa9ade79ab198a579772dd5e310ea28643e4a4421-member-0x6c1e53eb055d1e4b5ab1ecb0e44d1f513ca53082-rage-10598341,0,0x6c1e53eb055d1e4b5ab1ecb0e44d1f513ca53082,0xa9ade79ab198a579772dd5e310ea28643e4a4421,5,mainnet
1595798739,0xa9ade79ab198a579772dd5e310ea28643e4a4421-member-0x865c2f85c9fea1c6ac7f53de07554d68cb92ed88-rage-10537501,0,0x865c2f85c9fea1c6ac7f53de07554d68cb92ed88,0xa9ade79ab198a579772dd5e310ea28643e4a4421,2,mainnet
1586973462,0xa9ade79ab198a579772dd5e310ea28643e4a4421-member-0x865c2f85c9fea1c6ac7f53de07554d68cb92ed88-rage-9878486,0,0x865c2f85c9fea1c6ac7f53de07554d68cb92ed88,0xa9ade79ab198a579772dd5e310ea28643e4a4421,2,mainnet
1587945515,0xa9ade79ab198a579772dd5e310ea28643e4a4421-member-0x865c2f85c9fea1c6ac7f53de07554d68cb92ed88-rage-9951180,0,0x865c2f85c9fea1c6ac7f53de07554d68cb92ed88,0xa9ade79ab198a579772dd5e310ea28643e4a4421,1,mainnet
1596122113,0xa9ade79ab198a579772dd5e310ea28643e4a4421-member-0x8a6ad6dd70acba5f90acbfd094ea930099b48071-rage-10561677,0,0x8a6ad6dd70acba5f90acbfd094ea930099b48071,0xa9ade79ab198a579772dd5e310ea28643e4a4421,5,mainnet
1586738829,0xa9ade79ab198a579772dd5e310ea28643e4a4421-member-0x983110309620d911731ac0932219af06091b6744-rage-9860851,0,0x983110309620d911731ac0932219af06091b6744,0xa9ade79ab198a579772dd5e310ea28643e4a4421,13,mainnet
1599449883,0xa9ade79ab198a579772dd5e310ea28643e4a4421-member-0xc2f82a1f287b5b5aebff7c19e83e0a16cf3bd041-rage-10812109,0,0xc2f82a1f287b5b5aebff7c19e83e0a16cf3bd041,0xa9ade79ab198a579772dd5e310ea28643e4a4421,5,mainnet
1600997670,0xa9ade79ab198a579772dd5e310ea28643e4a4421-member-0xcf88fa6ee6d111b04be9b06ef6fad6bd6691b88c-rage-10928870,0,0xcf88fa6ee6d111b04be9b06ef6fad6bd6691b88c,0xa9ade79ab198a579772dd5e310ea28643e4a4421,1,mainnet
1597956613,0xa9ade79ab198a579772dd5e310ea28643e4a4421-member-0xd26a3f686d43f2a62ba9eae2ff77e9f516d945b9-rage-10699352,0,0xd26a3f686d43f2a62ba9eae2ff77e9f516d945b9,0xa9ade79ab198a579772dd5e310ea28643e4a4421,5,mainnet
1599330747,0xa9ade79ab198a579772dd5e310ea28643e4a4421-member-0xd3e9d60e4e4de615124d5239219f32946d10151d-rage-10803066,0,0xd3e9d60e4e4de615124d5239219f32946d10151d,0xa9ade79ab198a579772dd5e310ea28643e4a4421,10,mainnet
1580733903,0xa9ade79ab198a579772dd5e310ea28643e4a4421-member-0xd3e9d60e4e4de615124d5239219f32946d10151d-rage-9409662,0,0xd3e9d60e4e4de615124d5239219f32946d10151d,0xa9ade79ab198a579772dd5e310ea28643e4a4421,18,mainnet
1581534367,0xa9ade79ab198a579772dd5e310ea28643e4a4421-member-0xd3e9d60e4e4de615124d5239219f32946d10151d-rage-9469976,0,0xd3e9d60e4e4de615124d5239219f32946d10151d,0xa9ade79ab198a579772dd5e310ea28643e4a4421,2,mainnet
1582221372,0xa9ade79ab198a579772dd5e310ea28643e4a4421-member-0xd3e9d60e4e4de615124d5239219f32946d10151d-rage-9521578,0,0xd3e9d60e4e4de615124d5239219f32946d10151d,0xa9ade79ab198a579772dd5e310ea28643e4a4421,4,mainnet
1582221541,0xa9ade79ab198a579772dd5e310ea28643e4a4421-member-0xd3e9d60e4e4de615124d5239219f32946d10151d-rage-9521599,0,0xd3e9d60e4e4de615124d5239219f32946d10151d,0xa9ade79ab198a579772dd5e310ea28643e4a4421,1,mainnet
1583276706,0xa9ade79ab198a579772dd5e310ea28643e4a4421-member-0xd3e9d60e4e4de615124d5239219f32946d10151d-rage-9601074,0,0xd3e9d60e4e4de615124d5239219f32946d10151d,0xa9ade79ab198a579772dd5e310ea28643e4a4421,100,mainnet
1583276741,0xa9ade79ab198a579772dd5e310ea28643e4a4421-member-0xd3e9d60e4e4de615124d5239219f32946d10151d-rage-9601080,0,0xd3e9d60e4e4de615124d5239219f32946d10151d,0xa9ade79ab198a579772dd5e310ea28643e4a4421,4,mainnet
1583758634,0xa9ade79ab198a579772dd5e310ea28643e4a4421-member-0xd3e9d60e4e4de615124d5239219f32946d10151d-rage-9637343,0,0xd3e9d60e4e4de615124d5239219f32946d10151d,0xa9ade79ab198a579772dd5e310ea28643e4a4421,120,mainnet
1585147003,0xa9ade79ab198a579772dd5e310ea28643e4a4421-member-0xe6be2096dbe9560cfb01b45804514d075d6585bc-rage-9741040,0,0xe6be2096dbe9560cfb01b45804514d075d6585bc,0xa9ade79ab198a579772dd5e310ea28643e4a4421,4,mainnet
1584393985,0xa9ade79ab198a579772dd5e310ea28643e4a4421-member-0xed83a6d734627d1229e08db5e7b8c0687d2ae3d3-rage-9685000,0,0xed83a6d734627d1229e08db5e7b8c0687d2ae3d3,0xa9ade79ab198a579772dd5e310ea28643e4a4421,17,mainnet
1599609469,0xb42616e266cb0c6d34c1434f09b95ed50bb551ed-member-0xace1ae1a4db3adec22b3e1173afe852a5a6fe40a-rage-10824154,0,0xace1ae1a4db3adec22b3e1173afe852a5a6fe40a,0xb42616e266cb0c6d34c1434f09b95ed50bb551ed,500,mainnet
1581799170,0xb42616e266cb0c6d34c1434f09b95ed50bb551ed-member-0xce7298e5ef1ae8af0573edc2ebd03ab0f837e214-rage-9489835,0,0xce7298e5ef1ae8af0573edc2ebd03ab0f837e214,0xb42616e266cb0c6d34c1434f09b95ed50bb551ed,2000,mainnet
1582517324,0xb42616e266cb0c6d34c1434f09b95ed50bb551ed-member-0xce7298e5ef1ae8af0573edc2ebd03ab0f837e214-rage-9543923,0,0xce7298e5ef1ae8af0573edc2ebd03ab0f837e214,0xb42616e266cb0c6d34c1434f09b95ed50bb551ed,1601,mainnet
1582556881,0xb42616e266cb0c6d34c1434f09b95ed50bb551ed-member-0xf503017d7baf7fbc0fff7492b751025c6a78179b-rage-9546876,0,0xf503017d7baf7fbc0fff7492b751025c6a78179b,0xb42616e266cb0c6d34c1434f09b95ed50bb551ed,500,mainnet
1603555600,0xb5cef5887a0b46d895cb1893b3cddc9a31607261-member-0x0d8853b7ffbef323489cf8c2749881374fd246b6-rage-11120050,0,0x0d8853b7ffbef323489cf8c2749881374fd246b6,0xb5cef5887a0b46d895cb1893b3cddc9a31607261,4,mainnet
1592174741,0xb5cef5887a0b46d895cb1893b3cddc9a31607261-member-0x16f0a28f9a7874207dde61895bfeac49a34915be-rage-10266659,0,0x16f0a28f9a7874207dde61895bfeac49a34915be,0xb5cef5887a0b46d895cb1893b3cddc9a31607261,1,mainnet
1591550682,0xb5cef5887a0b46d895cb1893b3cddc9a31607261-member-0x4c9d4a1310639da40bd47b68553ed6eb366db22c-rage-10219978,0,0x4c9d4a1310639da40bd47b68553ed6eb366db22c,0xb5cef5887a0b46d895cb1893b3cddc9a31607261,1,mainnet
1595360290,0xb5cef5887a0b46d895cb1893b3cddc9a31607261-member-0x8b8db5b327a3d051367d78b4a028722ee06555f1-rage-10504710,0,0x8b8db5b327a3d051367d78b4a028722ee06555f1,0xb5cef5887a0b46d895cb1893b3cddc9a31607261,5,mainnet
1602374964,0xb5cef5887a0b46d895cb1893b3cddc9a31607261-member-0xc0ffeed1835620b81fb8d0cad1098ce210f739e9-rage-11030890,0,0xc0ffeed1835620b81fb8d0cad1098ce210f739e9,0xb5cef5887a0b46d895cb1893b3cddc9a31607261,1,mainnet
1595202495,0xb5cef5887a0b46d895cb1893b3cddc9a31607261-member-0xd7c318e9f9129239f6ba4e10994137113dcf6244-rage-10492992,0,0xd7c318e9f9129239f6ba4e10994137113dcf6244,0xb5cef5887a0b46d895cb1893b3cddc9a31607261,4,mainnet
1586672178,0xbd6fa666fbb6fdeb4fc5eb36cdd5c87b069b24c1-member-0x0eabffd8ce94ab2387fc44ba32642af0c58af433-rage-9855834,0,0x0eabffd8ce94ab2387fc44ba32642af0c58af433,0xbd6fa666fbb6fdeb4fc5eb36cdd5c87b069b24c1,10,mainnet
1586795547,0xbd6fa666fbb6fdeb4fc5eb36cdd5c87b069b24c1-member-0x1dac51886d5b461fccc784ad3813a5969dd42e6f-rage-9865113,0,0x1dac51886d5b461fccc784ad3813a5969dd42e6f,0xbd6fa666fbb6fdeb4fc5eb36cdd5c87b069b24c1,45,mainnet
1586574772,0xbd6fa666fbb6fdeb4fc5eb36cdd5c87b069b24c1-member-0x4fafa767c9cb71394875c139d43aee7799748908-rage-9848466,0,0x4fafa767c9cb71394875c139d43aee7799748908,0xbd6fa666fbb6fdeb4fc5eb36cdd5c87b069b24c1,10,mainnet
1572296932,0xbd6fa666fbb6fdeb4fc5eb36cdd5c87b069b24c1-member-0x509fdabab2c609dfd1230c3c36e859779ed97fed-rage-8830090,0,0x509fdabab2c609dfd1230c3c36e859779ed97fed,0xbd6fa666fbb6fdeb4fc5eb36cdd5c87b069b24c1,10,mainnet
1577810664,0xbd6fa666fbb6fdeb4fc5eb36cdd5c87b069b24c1-member-0x509fdabab2c609dfd1230c3c36e859779ed97fed-rage-9191762,0,0x509fdabab2c609dfd1230c3c36e859779ed97fed,0xbd6fa666fbb6fdeb4fc5eb36cdd5c87b069b24c1,10,mainnet
1586766927,0xbd6fa666fbb6fdeb4fc5eb36cdd5c87b069b24c1-member-0x5a9e792143bf2708b4765c144451dca54f559a19-rage-9862953,0,0x5a9e792143bf2708b4765c144451dca54f559a19,0xbd6fa666fbb6fdeb4fc5eb36cdd5c87b069b24c1,30,mainnet
1576458406,0xbd6fa666fbb6fdeb4fc5eb36cdd5c87b069b24c1-member-0x5b93ff82faaf241c15997ea3975419dddd8362c5-rage-9113099,0,0x5b93ff82faaf241c15997ea3975419dddd8362c5,0xbd6fa666fbb6fdeb4fc5eb36cdd5c87b069b24c1,10,mainnet
1586391855,0xbd6fa666fbb6fdeb4fc5eb36cdd5c87b069b24c1-member-0x5b93ff82faaf241c15997ea3975419dddd8362c5-rage-9834760,0,0x5b93ff82faaf241c15997ea3975419dddd8362c5,0xbd6fa666fbb6fdeb4fc5eb36cdd5c87b069b24c1,10,mainnet
1586727069,0xbd6fa666fbb6fdeb4fc5eb36cdd5c87b069b24c1-member-0x5f350bf5fee8e254d6077f8661e9c7b83a30364e-rage-9859970,0,0x5f350bf5fee8e254d6077f8661e9c7b83a30364e,0xbd6fa666fbb6fdeb4fc5eb36cdd5c87b069b24c1,10,mainnet
1585752792,0xbd6fa666fbb6fdeb4fc5eb36cdd5c87b069b24c1-member-0x66b1de0f14a0ce971f7f248415063d44caf19398-rage-9786683,0,0x66b1de0f14a0ce971f7f248415063d44caf19398,0xbd6fa666fbb6fdeb4fc5eb36cdd5c87b069b24c1,100,mainnet
1586293413,0xbd6fa666fbb6fdeb4fc5eb36cdd5c87b069b24c1-member-0x66b1de0f14a0ce971f7f248415063d44caf19398-rage-9827357,0,0x66b1de0f14a0ce971f7f248415063d44caf19398,0xbd6fa666fbb6fdeb4fc5eb36cdd5c87b069b24c1,100,mainnet
1586301722,0xbd6fa666fbb6fdeb4fc5eb36cdd5c87b069b24c1-member-0x66b1de0f14a0ce971f7f248415063d44caf19398-rage-9827990,0,0x66b1de0f14a0ce971f7f248415063d44caf19398,0xbd6fa666fbb6fdeb4fc5eb36cdd5c87b069b24c1,214,mainnet
1586302712,0xbd6fa666fbb6fdeb4fc5eb36cdd5c87b069b24c1-member-0x67168517c1d0835147e2bd66e40a602e9fb9cbd9-rage-9828050,0,0x67168517c1d0835147e2bd66e40a602e9fb9cbd9,0xbd6fa666fbb6fdeb4fc5eb36cdd5c87b069b24c1,10,mainnet
1587435071,0xbd6fa666fbb6fdeb4fc5eb36cdd5c87b069b24c1-member-0x6dc43be93a8b5fd37dc16f24872babc6da5e5e3e-rage-9913051,0,0x6dc43be93a8b5fd37dc16f24872babc6da5e5e3e,0xbd6fa666fbb6fdeb4fc5eb36cdd5c87b069b24c1,10,mainnet
1586827899,0xbd6fa666fbb6fdeb4fc5eb36cdd5c87b069b24c1-member-0x6fc46b64e3de0a4962d15a75129f39a9068c6f10-rage-9867572,0,0x6fc46b64e3de0a4962d15a75129f39a9068c6f10,0xbd6fa666fbb6fdeb4fc5eb36cdd5c87b069b24c1,10,mainnet
1586943163,0xbd6fa666fbb6fdeb4fc5eb36cdd5c87b069b24c1-member-0x818ff73a5d881c27a945be944973156c01141232-rage-9876203,0,0x818ff73a5d881c27a945be944973156c01141232,0xbd6fa666fbb6fdeb4fc5eb36cdd5c87b069b24c1,10,mainnet
1581760598,0xbd6fa666fbb6fdeb4fc5eb36cdd5c87b069b24c1-member-0x81aaa9a7a8358cc2971b9b8de72acce6d7862bc8-rage-9486972,0,0x81aaa9a7a8358cc2971b9b8de72acce6d7862bc8,0xbd6fa666fbb6fdeb4fc5eb36cdd5c87b069b24c1,1,mainnet
1581827499,0xbd6fa666fbb6fdeb4fc5eb36cdd5c87b069b24c1-member-0x81aaa9a7a8358cc2971b9b8de72acce6d7862bc8-rage-9491914,0,0x81aaa9a7a8358cc2971b9b8de72acce6d7862bc8,0xbd6fa666fbb6fdeb4fc5eb36cdd5c87b069b24c1,4,mainnet
1582057983,0xbd6fa666fbb6fdeb4fc5eb36cdd5c87b069b24c1-member-0x81aaa9a7a8358cc2971b9b8de72acce6d7862bc8-rage-9509303,0,0x81aaa9a7a8358cc2971b9b8de72acce6d7862bc8,0xbd6fa666fbb6fdeb4fc5eb36cdd5c87b069b24c1,4,mainnet
1586403961,0xbd6fa666fbb6fdeb4fc5eb36cdd5c87b069b24c1-member-0x81aaa9a7a8358cc2971b9b8de72acce6d7862bc8-rage-9835702,0,0x81aaa9a7a8358cc2971b9b8de72acce6d7862bc8,0xbd6fa666fbb6fdeb4fc5eb36cdd5c87b069b24c1,10,mainnet
1574175991,0xbd6fa666fbb6fdeb4fc5eb36cdd5c87b069b24c1-member-0x83ab8e31df35aa3281d630529c6f4bf5ac7f7abf-rage-8963049,0,0x83ab8e31df35aa3281d630529c6f4bf5ac7f7abf,0xbd6fa666fbb6fdeb4fc5eb36cdd5c87b069b24c1,20,mainnet
1577464803,0xbd6fa666fbb6fdeb4fc5eb36cdd5c87b069b24c1-member-0x83ab8e31df35aa3281d630529c6f4bf5ac7f7abf-rage-9171633,0,0x83ab8e31df35aa3281d630529c6f4bf5ac7f7abf,0xbd6fa666fbb6fdeb4fc5eb36cdd5c87b069b24c1,60,mainnet
1586786889,0xbd6fa666fbb6fdeb4fc5eb36cdd5c87b069b24c1-member-0x83ab8e31df35aa3281d630529c6f4bf5ac7f7abf-rage-9864448,0,0x83ab8e31df35aa3281d630529c6f4bf5ac7f7abf,0xbd6fa666fbb6fdeb4fc5eb36cdd5c87b069b24c1,120,mainnet
1580500228,0xbd6fa666fbb6fdeb4fc5eb36cdd5c87b069b24c1-member-0x865c2f85c9fea1c6ac7f53de07554d68cb92ed88-rage-9392017,0,0x865c2f85c9fea1c6ac7f53de07554d68cb92ed88,0xbd6fa666fbb6fdeb4fc5eb36cdd5c87b069b24c1,50,mainnet
1586577181,0xbd6fa666fbb6fdeb4fc5eb36cdd5c87b069b24c1-member-0x865c2f85c9fea1c6ac7f53de07554d68cb92ed88-rage-9848654,0,0x865c2f85c9fea1c6ac7f53de07554d68cb92ed88,0xbd6fa666fbb6fdeb4fc5eb36cdd5c87b069b24c1,10,mainnet
1586794785,0xbd6fa666fbb6fdeb4fc5eb36cdd5c87b069b24c1-member-0x8f942eced007bd3976927b7958b50df126feecb5-rage-9865053,0,0x8f942eced007bd3976927b7958b50df126feecb5,0xbd6fa666fbb6fdeb4fc5eb36cdd5c87b069b24c1,75,mainnet
1586795818,0xbd6fa666fbb6fdeb4fc5eb36cdd5c87b069b24c1-member-0xa15ca74e65bf72730811abf95163e89ad9b9dff6-rage-9865128,0,0xa15ca74e65bf72730811abf95163e89ad9b9dff6,0xbd6fa666fbb6fdeb4fc5eb36cdd5c87b069b24c1,10,mainnet
1586697667,0xbd6fa666fbb6fdeb4fc5eb36cdd5c87b069b24c1-member-0xafd5f60aa8eb4f488eaa0ef98c1c5b0645d9a0a0-rage-9857731,0,0xafd5f60aa8eb4f488eaa0ef98c1c5b0645d9a0a0,0xbd6fa666fbb6fdeb4fc5eb36cdd5c87b069b24c1,10,mainnet
1587728170,0xbd6fa666fbb6fdeb4fc5eb36cdd5c87b069b24c1-member-0xb53b0255895c4f9e3a185e484e5b674bccfbc076-rage-9934995,0,0xb53b0255895c4f9e3a185e484e5b674bccfbc076,0xbd6fa666fbb6fdeb4fc5eb36cdd5c87b069b24c1,20,mainnet
1582652709,0xbd6fa666fbb6fdeb4fc5eb36cdd5c87b069b24c1-member-0xc746708e27c5a8013fe8a9c62af17f64610acdfc-rage-9554028,0,0xc746708e27c5a8013fe8a9c62af17f64610acdfc,0xbd6fa666fbb6fdeb4fc5eb36cdd5c87b069b24c1,31,mainnet
1586899676,0xbd6fa666fbb6fdeb4fc5eb36cdd5c87b069b24c1-member-0xc746708e27c5a8013fe8a9c62af17f64610acdfc-rage-9872975,0,0xc746708e27c5a8013fe8a9c62af17f64610acdfc,0xbd6fa666fbb6fdeb4fc5eb36cdd5c87b069b24c1,15,mainnet
1587422521,0xbd6fa666fbb6fdeb4fc5eb36cdd5c87b069b24c1-member-0xc7f459c7edcf9333d223bd1c346f46819403ca06-rage-9912066,0,0xc7f459c7edcf9333d223bd1c346f46819403ca06,0xbd6fa666fbb6fdeb4fc5eb36cdd5c87b069b24c1,10,mainnet
1587146712,0xbd6fa666fbb6fdeb4fc5eb36cdd5c87b069b24c1-member-0xce7298e5ef1ae8af0573edc2ebd03ab0f837e214-rage-9891431,0,0xce7298e5ef1ae8af0573edc2ebd03ab0f837e214,0xbd6fa666fbb6fdeb4fc5eb36cdd5c87b069b24c1,10,mainnet
1572965238,0xbd6fa666fbb6fdeb4fc5eb36cdd5c87b069b24c1-member-0xced608aa29bb92185d9b6340adcbfa263dae075b-rage-8878173,0,0xced608aa29bb92185d9b6340adcbfa263dae075b,0xbd6fa666fbb6fdeb4fc5eb36cdd5c87b069b24c1,10,mainnet
1575317585,0xbd6fa666fbb6fdeb4fc5eb36cdd5c87b069b24c1-member-0xced608aa29bb92185d9b6340adcbfa263dae075b-rage-9039867,0,0xced608aa29bb92185d9b6340adcbfa263dae075b,0xbd6fa666fbb6fdeb4fc5eb36cdd5c87b069b24c1,21,mainnet
1585771582,0xbd6fa666fbb6fdeb4fc5eb36cdd5c87b069b24c1-member-0xced608aa29bb92185d9b6340adcbfa263dae075b-rage-9788063,0,0xced608aa29bb92185d9b6340adcbfa263dae075b,0xbd6fa666fbb6fdeb4fc5eb36cdd5c87b069b24c1,330,mainnet
1586457290,0xbd6fa666fbb6fdeb4fc5eb36cdd5c87b069b24c1-member-0xced608aa29bb92185d9b6340adcbfa263dae075b-rage-9839672,0,0xced608aa29bb92185d9b6340adcbfa263dae075b,0xbd6fa666fbb6fdeb4fc5eb36cdd5c87b069b24c1,199,mainnet
1575318347,0xbd6fa666fbb6fdeb4fc5eb36cdd5c87b069b24c1-member-0xd26a3f686d43f2a62ba9eae2ff77e9f516d945b9-rage-9039925,0,0xd26a3f686d43f2a62ba9eae2ff77e9f516d945b9,0xbd6fa666fbb6fdeb4fc5eb36cdd5c87b069b24c1,1,mainnet
1575319535,0xbd6fa666fbb6fdeb4fc5eb36cdd5c87b069b24c1-member-0xd26a3f686d43f2a62ba9eae2ff77e9f516d945b9-rage-9040000,0,0xd26a3f686d43f2a62ba9eae2ff77e9f516d945b9,0xbd6fa666fbb6fdeb4fc5eb36cdd5c87b069b24c1,1,mainnet
1575319711,0xbd6fa666fbb6fdeb4fc5eb36cdd5c87b069b24c1-member-0xd26a3f686d43f2a62ba9eae2ff77e9f516d945b9-rage-9040009,0,0xd26a3f686d43f2a62ba9eae2ff77e9f516d945b9,0xbd6fa666fbb6fdeb4fc5eb36cdd5c87b069b24c1,1,mainnet
1586458009,0xbd6fa666fbb6fdeb4fc5eb36cdd5c87b069b24c1-member-0xd26a3f686d43f2a62ba9eae2ff77e9f516d945b9-rage-9839721,0,0xd26a3f686d43f2a62ba9eae2ff77e9f516d945b9,0xbd6fa666fbb6fdeb4fc5eb36cdd5c87b069b24c1,186,mainnet
1587162495,0xbd6fa666fbb6fdeb4fc5eb36cdd5c87b069b24c1-member-0xd3e9d60e4e4de615124d5239219f32946d10151d-rage-9892620,0,0xd3e9d60e4e4de615124d5239219f32946d10151d,0xbd6fa666fbb6fdeb4fc5eb36cdd5c87b069b24c1,10,mainnet
1586449865,0xbd6fa666fbb6fdeb4fc5eb36cdd5c87b069b24c1-member-0xd714dd60e22bbb1cbafd0e40de5cfa7bbdd3f3c8-rage-9839112,0,0xd714dd60e22bbb1cbafd0e40de5cfa7bbdd3f3c8,0xbd6fa666fbb6fdeb4fc5eb36cdd5c87b069b24c1,10,mainnet
1586672759,0xbd6fa666fbb6fdeb4fc5eb36cdd5c87b069b24c1-member-0xdf73fe01dfddb55a900b947c5726b2e54dddd95a-rage-9855887,0,0xdf73fe01dfddb55a900b947c5726b2e54dddd95a,0xbd6fa666fbb6fdeb4fc5eb36cdd5c87b069b24c1,20,mainnet
1586805082,0xbd6fa666fbb6fdeb4fc5eb36cdd5c87b069b24c1-member-0xf7f189082878846c11a94ddac51c41afc7a7c772-rage-9865803,0,0xf7f189082878846c11a94ddac51c41afc7a7c772,0xbd6fa666fbb6fdeb4fc5eb36cdd5c87b069b24c1,10,mainnet
1586305130,0xbd6fa666fbb6fdeb4fc5eb36cdd5c87b069b24c1-member-0xfacef700458d4fc9746f7f3e0d37b462711ff09e-rage-9828235,0,0xfacef700458d4fc9746f7f3e0d37b462711ff09e,0xbd6fa666fbb6fdeb4fc5eb36cdd5c87b069b24c1,10,mainnet
1586694407,0xbd6fa666fbb6fdeb4fc5eb36cdd5c87b069b24c1-member-0xffadc07f1bfb127f4312e8652fe94ab0c771b54d-rage-9857495,0,0xffadc07f1bfb127f4312e8652fe94ab0c771b54d,0xbd6fa666fbb6fdeb4fc5eb36cdd5c87b069b24c1,0,mainnet
1586694933,0xbd6fa666fbb6fdeb4fc5eb36cdd5c87b069b24c1-member-0xffadc07f1bfb127f4312e8652fe94ab0c771b54d-rage-9857532,0,0xffadc07f1bfb127f4312e8652fe94ab0c771b54d,0xbd6fa666fbb6fdeb4fc5eb36cdd5c87b069b24c1,10,mainnet
1601515824,0xcb46298767fb5d44c18313976c30d3eeb5071862-member-0x37b376924ffcce0b3e74004000ead546e299e3c6-rage-10967258,0,0x37b376924ffcce0b3e74004000ead546e299e3c6,0xcb46298767fb5d44c18313976c30d3eeb5071862,2,mainnet
1601515504,0xcb46298767fb5d44c18313976c30d3eeb5071862-member-0x885f12b525218ca9377755f9a534ce230ac5d2d8-rage-10967228,0,0x885f12b525218ca9377755f9a534ce230ac5d2d8,0xcb46298767fb5d44c18313976c30d3eeb5071862,8,mainnet
1601912578,0xcb46298767fb5d44c18313976c30d3eeb5071862-member-0xefde6a97af618ad407211c3d5d494bc257948208-rage-10996600,1,0xefde6a97af618ad407211c3d5d494bc257948208,0xcb46298767fb5d44c18313976c30d3eeb5071862,1,mainnet
1586030117,0xcc7dcdb700eed457c8180406d7d699877f4eee24-member-0x5c930db102c6ebb9cc32fd26f8a274f9493c5c52-rage-9807527,0,0x5c930db102c6ebb9cc32fd26f8a274f9493c5c52,0xcc7dcdb700eed457c8180406d7d699877f4eee24,3,mainnet
1588143275,0xcc7dcdb700eed457c8180406d7d699877f4eee24-member-0x86fd6dd41bad636b5b3b9228bc5642fa0df392e8-rage-9965956,0,0x86fd6dd41bad636b5b3b9228bc5642fa0df392e8,0xcc7dcdb700eed457c8180406d7d699877f4eee24,1,mainnet
1586953558,0xcc7dcdb700eed457c8180406d7d699877f4eee24-member-0x8feb1fcfcc602a3d7f37f88ed53b039dd4902e2b-rage-9876991,0,0x8feb1fcfcc602a3d7f37f88ed53b039dd4902e2b,0xcc7dcdb700eed457c8180406d7d699877f4eee24,5,mainnet
1600156586,0xdec090a12f2e280b089daa225892d9efa8ed0ee8-member-0xec338b7a29fdd5088c66fb59ef2a4f17c8d51786-rage-10865375,500,0xec338b7a29fdd5088c66fb59ef2a4f17c8d51786,0xdec090a12f2e280b089daa225892d9efa8ed0ee8,0,mainnet
1603406853,0xe9d7e590171cb5080ab8dfd45850692a714260f0-member-0x65cad24d55787bf2ae0fdd7fa32ce78dacf1af18-rage-11108845,0,0x65cad24d55787bf2ae0fdd7fa32ce78dacf1af18,0xe9d7e590171cb5080ab8dfd45850692a714260f0,1,mainnet
1601203130,0xe9d7e590171cb5080ab8dfd45850692a714260f0-member-0xeee847b5e3a0a9f96a136fce48002eec996e1480-rage-10944128,0,0xeee847b5e3a0a9f96a136fce48002eec996e1480,0xe9d7e590171cb5080ab8dfd45850692a714260f0,1,mainnet
1602164221,0xee629a192374caf2a72cf1695c485c5c89611ef2-member-0x2b47c57a4c9fc1649b43500f4c0cda6cf29be278-rage-11015198,0,0x2b47c57a4c9fc1649b43500f4c0cda6cf29be278,0xee629a192374caf2a72cf1695c485c5c89611ef2,9,mainnet
1596673545,0xee629a192374caf2a72cf1695c485c5c89611ef2-member-0x57db4c6e862e4144ff48b67732d2ccb5af9de14c-rage-10602954,0,0x57db4c6e862e4144ff48b67732d2ccb5af9de14c,0xee629a192374caf2a72cf1695c485c5c89611ef2,1,mainnet
1598031777,0xee629a192374caf2a72cf1695c485c5c89611ef2-member-0x57db4c6e862e4144ff48b67732d2ccb5af9de14c-rage-10704998,0,0x57db4c6e862e4144ff48b67732d2ccb5af9de14c,0xee629a192374caf2a72cf1695c485c5c89611ef2,8,mainnet
1600961255,0xee629a192374caf2a72cf1695c485c5c89611ef2-member-0x66268791b55e1f5fa585d990326519f101407257-rage-10926154,0,0x66268791b55e1f5fa585d990326519f101407257,0xee629a192374caf2a72cf1695c485c5c89611ef2,1,mainnet
1601085434,0xee629a192374caf2a72cf1695c485c5c89611ef2-member-0x6fc46b64e3de0a4962d15a75129f39a9068c6f10-rage-10935424,0,0x6fc46b64e3de0a4962d15a75129f39a9068c6f10,0xee629a192374caf2a72cf1695c485c5c89611ef2,10,mainnet
1602648821,0xee629a192374caf2a72cf1695c485c5c89611ef2-member-0xbbbfc46566e5f0302cef913af8c8f423070ce6a1-rage-11051551,0,0xbbbfc46566e5f0302cef913af8c8f423070ce6a1,0xee629a192374caf2a72cf1695c485c5c89611ef2,1,mainnet
1602388595,0xee629a192374caf2a72cf1695c485c5c89611ef2-member-0xf7f189082878846c11a94ddac51c41afc7a7c772-rage-11031881,0,0xf7f189082878846c11a94ddac51c41afc7a7c772,0xee629a192374caf2a72cf1695c485c5c89611ef2,9,mainnet
1583639830,0xfac8b74cfccbaf1c308d83f75832be860dd288c1-member-0x16db3cc17de32eeb4b173bb7af6d7862bfa58c07-rage-9628491,0,0x16db3cc17de32eeb4b173bb7af6d7862bfa58c07,0xfac8b74cfccbaf1c308d83f75832be860dd288c1,2,mainnet
1583737429,0xfac8b74cfccbaf1c308d83f75832be860dd288c1-member-0xcc1adda87afde151eaecec718661eaa5e5402628-rage-9635804,0,0xcc1adda87afde151eaecec718661eaa5e5402628,0xfac8b74cfccbaf1c308d83f75832be860dd288c1,1,mainnet
1606620746,0xe9d7e590171cb5080ab8dfd45850692a714260f0-member-0x2c8c7a122946c1e17a55b0c73687b88aa28259f7-rage-11351199,0,0x2c8c7a122946c1e17a55b0c73687b88aa28259f7,0xe9d7e590171cb5080ab8dfd45850692a714260f0,1,mainnet
1606617896,0xe9d7e590171cb5080ab8dfd45850692a714260f0-member-0x53a7f2bf90778ce80ae26c00c9332a4c644e742e-rage-11350959,0,0x53a7f2bf90778ce80ae26c00c9332a4c644e742e,0xe9d7e590171cb5080ab8dfd45850692a714260f0,1,mainnet
1603406853,0xe9d7e590171cb5080ab8dfd45850692a714260f0-member-0x65cad24d55787bf2ae0fdd7fa32ce78dacf1af18-rage-11108845,0,0x65cad24d55787bf2ae0fdd7fa32ce78dacf1af18,0xe9d7e590171cb5080ab8dfd45850692a714260f0,1,mainnet
1605696865,0xe9d7e590171cb5080ab8dfd45850692a714260f0-member-0xd45d35bc22c19a9979184fc146108eab0b6ad41c-rage-11281511,0,0xd45d35bc22c19a9979184fc146108eab0b6ad41c,0xe9d7e590171cb5080ab8dfd45850692a714260f0,1,mainnet
1601203130,0xe9d7e590171cb5080ab8dfd45850692a714260f0-member-0xeee847b5e3a0a9f96a136fce48002eec996e1480-rage-10944128,0,0xeee847b5e3a0a9f96a136fce48002eec996e1480,0xe9d7e590171cb5080ab8dfd45850692a714260f0,1,mainnet
1602164221,0xee629a192374caf2a72cf1695c485c5c89611ef2-member-0x2b47c57a4c9fc1649b43500f4c0cda6cf29be278-rage-11015198,0,0x2b47c57a4c9fc1649b43500f4c0cda6cf29be278,0xee629a192374caf2a72cf1695c485c5c89611ef2,9,mainnet
1596673545,0xee629a192374caf2a72cf1695c485c5c89611ef2-member-0x57db4c6e862e4144ff48b67732d2ccb5af9de14c-rage-10602954,0,0x57db4c6e862e4144ff48b67732d2ccb5af9de14c,0xee629a192374caf2a72cf1695c485c5c89611ef2,1,mainnet
1598031777,0xee629a192374caf2a72cf1695c485c5c89611ef2-member-0x57db4c6e862e4144ff48b67732d2ccb5af9de14c-rage-10704998,0,0x57db4c6e862e4144ff48b67732d2ccb5af9de14c,0xee629a192374caf2a72cf1695c485c5c89611ef2,8,mainnet
1600961255,0xee629a192374caf2a72cf1695c485c5c89611ef2-member-0x66268791b55e1f5fa585d990326519f101407257-rage-10926154,0,0x66268791b55e1f5fa585d990326519f101407257,0xee629a192374caf2a72cf1695c485c5c89611ef2,1,mainnet
1601085434,0xee629a192374caf2a72cf1695c485c5c89611ef2-member-0x6fc46b64e3de0a4962d15a75129f39a9068c6f10-rage-10935424,0,0x6fc46b64e3de0a4962d15a75129f39a9068c6f10,0xee629a192374caf2a72cf1695c485c5c89611ef2,10,mainnet
1602648821,0xee629a192374caf2a72cf1695c485c5c89611ef2-member-0xbbbfc46566e5f0302cef913af8c8f423070ce6a1-rage-11051551,0,0xbbbfc46566e5f0302cef913af8c8f423070ce6a1,0xee629a192374caf2a72cf1695c485c5c89611ef2,1,mainnet
1602388595,0xee629a192374caf2a72cf1695c485c5c89611ef2-member-0xf7f189082878846c11a94ddac51c41afc7a7c772-rage-11031881,0,0xf7f189082878846c11a94ddac51c41afc7a7c772,0xee629a192374caf2a72cf1695c485c5c89611ef2,9,mainnet
1583639830,0xfac8b74cfccbaf1c308d83f75832be860dd288c1-member-0x16db3cc17de32eeb4b173bb7af6d7862bfa58c07-rage-9628491,0,0x16db3cc17de32eeb4b173bb7af6d7862bfa58c07,0xfac8b74cfccbaf1c308d83f75832be860dd288c1,2,mainnet
1583737429,0xfac8b74cfccbaf1c308d83f75832be860dd288c1-member-0xcc1adda87afde151eaecec718661eaa5e5402628-rage-9635804,0,0xcc1adda87afde151eaecec718661eaa5e5402628,0xfac8b74cfccbaf1c308d83f75832be860dd288c1,1,mainnet
1583639830,0xfac8b74cfccbaf1c308d83f75832be860dd288c1-member-0x16db3cc17de32eeb4b173bb7af6d7862bfa58c07-rage-9628491,0,0x16db3cc17de32eeb4b173bb7af6d7862bfa58c07,0xfac8b74cfccbaf1c308d83f75832be860dd288c1,2,mainnet
1583737429,0xfac8b74cfccbaf1c308d83f75832be860dd288c1-member-0xcc1adda87afde151eaecec718661eaa5e5402628-rage-9635804,0,0xcc1adda87afde151eaecec718661eaa5e5402628,0xfac8b74cfccbaf1c308d83f75832be860dd288c1,1,mainnet
